{"cameraMode":{"drawMode":0,"name":"Shaded","section":"Shading Mode"},"sceneLighting":false,"audioPlay":false,"sceneViewState":{"m_AlwaysRefresh":false,"showFog":true,"showSkybox":false,"showFlares":true,"showImageEffects":true,"showParticleSystems":true,"showVisualEffectGraphs":true,"m_FxEnabled":true},"in2DMode":false,"pivot":{"x":0.15899033844470979,"y":0.27318117022514346,"z":22.407793045043947},"rotation":{"x":-0.02729690819978714,"y":-0.02489497885107994,"z":0.0006919766892679036,"w":-0.9993332624435425},"size":1.5824689865112305,"orthographic":false}