{"cameraMode":{"drawMode":0,"name":"Shaded","section":"Shading Mode"},"sceneLighting":false,"audioPlay":false,"sceneViewState":{"m_AlwaysRefresh":false,"showFog":true,"showSkybox":false,"showFlares":true,"showImageEffects":true,"showParticleSystems":true,"showVisualEffectGraphs":true,"m_FxEnabled":true},"in2DMode":false,"pivot":{"x":-0.29460158944129946,"y":2.8410801887512209,"z":22.857498168945314},"rotation":{"x":0.03118208236992359,"y":0.017083896324038507,"z":0.000542552093975246,"w":-0.9993837475776672},"size":2.0412027835845949,"orthographic":false}