{"cameraMode":{"drawMode":0,"name":"Shaded","section":"Shading Mode"},"sceneLighting":false,"audioPlay":false,"sceneViewState":{"m_AlwaysRefresh":false,"showFog":true,"showSkybox":false,"showFlares":true,"showImageEffects":true,"showParticleSystems":true,"showVisualEffectGraphs":true,"m_FxEnabled":true},"in2DMode":false,"pivot":{"x":0.0003745555877685547,"y":1.7175219058990479,"z":0.024958133697509767},"rotation":{"x":0.009268331341445446,"y":0.9898578524589539,"z":0.077058807015419,"w":-0.1190536692738533},"size":2.6005196571350099,"orthographic":false}